{
    "memory": {
        "mae": 917287.1454696228,
        "rmse": 1142288.0094153087,
        "r2": 0.07170067560340398
    },
    "cpu": {
        "mae": 0.0010770228170397516,
        "rmse": 0.0038775215184191835,
        "r2": 0.0004607866207372302
    },
    "network_receive": {
        "mae": 4463.137668489045,
        "rmse": 5234.614986818951,
        "r2": 0.9999997187017132
    },
    "network_transmit": {
        "mae": 49136.585131139735,
        "rmse": 69984.59587040599,
        "r2": 0.9999995332940014
    }
}