{
    "memory": {
        "mae": 917477.8155364206,
        "rmse": 1142520.653710636,
        "r2": 0.07209279767516064
    },
    "cpu": {
        "mae": 0.001085630954015024,
        "rmse": 0.0038777280840189606,
        "r2": 0.00029981104725385066
    },
    "network_receive": {
        "mae": 4487.622745867953,
        "rmse": 5254.112637358526,
        "r2": 0.9999997186022854
    },
    "network_transmit": {
        "mae": 49090.650917537045,
        "rmse": 69906.18789254762,
        "r2": 0.9999995376331025
    }
}