memory,cpu,network_receive,network_transmit
24501549.705847424,0.00876437183611598,6272941.359679949,64801975.5577068
